Date,Price,Car Type,Avg Price,Last 30 days,Last 90 days,YoY Change
05-05-2026,21893.178297546012,Hyundai Kona Electric,21124,-4.16,-8.31,1.89
05-07-2026,21967.620993589742,Hyundai Kona Electric,21124,-4.16,-8.31,1.89
05-09-2026,21989.16040688576,Hyundai Kona Electric,21124,-4.16,-8.31,1.89
05-11-2026,22030.83123028391,Hyundai Kona Electric,21124,-4.16,-8.31,1.89
05-13-2026,22013.678734756097,Hyundai Kona Electric,21124,-4.16,-8.31,1.89
05-15-2026,22099.251515151514,Hyundai Kona Electric,21124,-4.16,-8.31,1.89
05-17-2026,22207.786567164178,Hyundai Kona Electric,21124,-4.16,-8.31,1.89
05-19-2026,22249.343894899535,Hyundai Kona Electric,21124,-4.16,-8.31,1.89
05-21-2026,22277.814230769232,Hyundai Kona Electric,21124,-4.16,-8.31,1.89
05-23-2026,22316.594637223974,Hyundai Kona Electric,21124,-4.16,-8.31,1.89
05-25-2026,22380.234241908005,Hyundai Kona Electric,21124,-4.16,-8.31,1.89
05-27-2026,22500.877876106195,Hyundai Kona Electric,21124,-4.16,-8.31,1.89
05-29-2026,22527.82741347905,Hyundai Kona Electric,21124,-4.16,-8.31,1.89
05-31-2026,22511.42754318618,Hyundai Kona Electric,21124,-4.16,-8.31,1.89
06-02-2026,22675.618684210527,Hyundai Kona Electric,21124,-4.16,-8.31,1.89
06-04-2026,22631.57264529058,Hyundai Kona Electric,21124,-4.16,-8.31,1.89
06-06-2026,22706.524812734082,Hyundai Kona Electric,21124,-4.16,-8.31,1.89
06-08-2026,22749.93239299611,Hyundai Kona Electric,21124,-4.16,-8.31,1.89
06-10-2026,22735.90264187867,Hyundai Kona Electric,21124,-4.16,-8.31,1.89
06-12-2026,22750.26318359375,Hyundai Kona Electric,21124,-4.16,-8.31,1.89
06-14-2026,22749.041748526524,Hyundai Kona Electric,21124,-4.16,-8.31,1.89
06-16-2026,22763.375754527162,Hyundai Kona Electric,21124,-4.16,-8.31,1.89
06-18-2026,22788.60353053435,Hyundai Kona Electric,21124,-4.16,-8.31,1.89
06-20-2026,22768.152857142857,Hyundai Kona Electric,21124,-4.16,-8.31,1.89
06-22-2026,22816.685452793834,Hyundai Kona Electric,21124,-4.16,-8.31,1.89
06-24-2026,22885.28240740741,Hyundai Kona Electric,21124,-4.16,-8.31,1.89
06-26-2026,22901.55796460177,Hyundai Kona Electric,21124,-4.16,-8.31,1.89
06-28-2026,22959.126748251747,Hyundai Kona Electric,21124,-4.16,-8.31,1.89
06-30-2026,22988.953153153154,Hyundai Kona Electric,21124,-4.16,-8.31,1.89
07-02-2026,23036.349545454545,Hyundai Kona Electric,21124,-4.16,-8.31,1.89
07-04-2026,23028.249085923217,Hyundai Kona Electric,21124,-4.16,-8.31,1.89
07-06-2026,23010.22854477612,Hyundai Kona Electric,21124,-4.16,-8.31,1.89
07-08-2026,23038.810185185186,Hyundai Kona Electric,21124,-4.16,-8.31,1.89
07-10-2026,23047.269963702358,Hyundai Kona Electric,21124,-4.16,-8.31,1.89
07-12-2026,23051.838021778585,Hyundai Kona Electric,21124,-4.16,-8.31,1.89
07-14-2026,23047.987359550563,Hyundai Kona Electric,21124,-4.16,-8.31,1.89
07-16-2026,22999.383116883117,Hyundai Kona Electric,21124,-4.16,-8.31,1.89
07-18-2026,22988.490859232177,Hyundai Kona Electric,21124,-4.16,-8.31,1.89
07-20-2026,22943.36720226843,Hyundai Kona Electric,21124,-4.16,-8.31,1.89
07-22-2026,22865.914611005694,Hyundai Kona Electric,21124,-4.16,-8.31,1.89
07-24-2026,22458.922711571675,Hyundai Kona Electric,21124,-4.16,-8.31,1.89
07-26-2026,22066.775508130082,Hyundai Kona Electric,21124,-4.16,-8.31,1.89
07-28-2026,22370.55891577061,Hyundai Kona Electric,21124,-4.16,-8.31,1.89
07-30-2026,22029.386335784315,Hyundai Kona Electric,21124,-4.16,-8.31,1.89
08-01-2026,22644.449907235623,Hyundai Kona Electric,21124,-4.16,-8.31,1.89
08-03-2026,22626.212309160306,Hyundai Kona Electric,21124,-4.16,-8.31,1.89
08-05-2026,22602.954322200392,Hyundai Kona Electric,21124,-4.16,-8.31,1.89
08-07-2026,22493.867277992278,Hyundai Kona Electric,21124,-4.16,-8.31,1.89
08-09-2026,22416.515625,Hyundai Kona Electric,21124,-4.16,-8.31,1.89
08-11-2026,22407.562757201646,Hyundai Kona Electric,21124,-4.16,-8.31,1.89
08-13-2026,22412.71082474227,Hyundai Kona Electric,21124,-4.16,-8.31,1.89
08-15-2026,22369.962446351932,Hyundai Kona Electric,21124,-4.16,-8.31,1.89
08-17-2026,22357.484908883827,Hyundai Kona Electric,21124,-4.16,-8.31,1.89
08-19-2026,22289.231026785714,Hyundai Kona Electric,21124,-4.16,-8.31,1.89
08-21-2026,22278.841758241757,Hyundai Kona Electric,21124,-4.16,-8.31,1.89
08-23-2026,22259.978741496598,Hyundai Kona Electric,21124,-4.16,-8.31,1.89
08-25-2026,22255.611470588236,Hyundai Kona Electric,21124,-4.16,-8.31,1.89
08-27-2026,22209.85655737705,Hyundai Kona Electric,21124,-4.16,-8.31,1.89
08-29-2026,22153.389705882353,Hyundai Kona Electric,21124,-4.16,-8.31,1.89
08-31-2026,22101.060130331753,Hyundai Kona Electric,21124,-4.16,-8.31,1.89
09-02-2026,22003.8343373494,Hyundai Kona Electric,21124,-4.16,-8.31,1.89
09-04-2026,22001.87837009804,Hyundai Kona Electric,21124,-4.16,-8.31,1.89
09-06-2026,21966.19125,Hyundai Kona Electric,21124,-4.16,-8.31,1.89
09-08-2026,21926.07299741602,Hyundai Kona Electric,21124,-4.16,-8.31,1.89
09-10-2026,21888.314556962025,Hyundai Kona Electric,21124,-4.16,-8.31,1.89
09-12-2026,21480.43848758465,Hyundai Kona Electric,21124,-4.16,-8.31,1.89
09-14-2026,21944.142811704834,Hyundai Kona Electric,21124,-4.16,-8.31,1.89
09-16-2026,21168.41010638298,Hyundai Kona Electric,21124,-4.16,-8.31,1.89
09-18-2026,21179.32079764454,Hyundai Kona Electric,21124,-4.16,-8.31,1.89
09-20-2026,21143.318146008405,Hyundai Kona Electric,21124,-4.16,-8.31,1.89
09-22-2026,21142.066925965664,Hyundai Kona Electric,21124,-4.16,-8.31,1.89
09-24-2026,21208.190512048193,Hyundai Kona Electric,21124,-4.16,-8.31,1.89
09-26-2026,21246.21349009901,Hyundai Kona Electric,21124,-4.16,-8.31,1.89
09-28-2026,21200.339090457255,Hyundai Kona Electric,21124,-4.16,-8.31,1.89
09-30-2026,21150.379158512722,Hyundai Kona Electric,21124,-4.16,-8.31,1.89
05-05-2026,23862.295317220545,2024 Kona Electric,23305,-1.76,-4.23,-6.66
05-07-2026,23861.522935779816,2024 Kona Electric,23305,-1.76,-4.23,-6.66
05-09-2026,23866.08753709199,2024 Kona Electric,23305,-1.76,-4.23,-6.66
05-11-2026,23888.963649851634,2024 Kona Electric,23305,-1.76,-4.23,-6.66
05-13-2026,23921.233137829913,2024 Kona Electric,23305,-1.76,-4.23,-6.66
05-15-2026,23956.905539772728,2024 Kona Electric,23305,-1.76,-4.23,-6.66
05-17-2026,24004.429539295394,2024 Kona Electric,23305,-1.76,-4.23,-6.66
05-19-2026,24058.950842696628,2024 Kona Electric,23305,-1.76,-4.23,-6.66
05-21-2026,24113.542253521126,2024 Kona Electric,23305,-1.76,-4.23,-6.66
05-23-2026,24157.148843930634,2024 Kona Electric,23305,-1.76,-4.23,-6.66
05-25-2026,24204.62770897833,2024 Kona Electric,23305,-1.76,-4.23,-6.66
05-27-2026,24255.15078125,2024 Kona Electric,23305,-1.76,-4.23,-6.66
05-29-2026,24301.7091503268,2024 Kona Electric,23305,-1.76,-4.23,-6.66
05-31-2026,24342.091964285715,2024 Kona Electric,23305,-1.76,-4.23,-6.66
06-02-2026,24377.512126865673,2024 Kona Electric,23305,-1.76,-4.23,-6.66
06-04-2026,24409.757434944237,2024 Kona Electric,23305,-1.76,-4.23,-6.66
06-06-2026,24446.68556701031,2024 Kona Electric,23305,-1.76,-4.23,-6.66
06-08-2026,24457.428825622777,2024 Kona Electric,23305,-1.76,-4.23,-6.66
06-10-2026,24429.95018115942,2024 Kona Electric,23305,-1.76,-4.23,-6.66
06-12-2026,24392.833333333332,2024 Kona Electric,23305,-1.76,-4.23,-6.66
06-14-2026,24354.275089605733,2024 Kona Electric,23305,-1.76,-4.23,-6.66
06-16-2026,24321.19,2024 Kona Electric,23305,-1.76,-4.23,-6.66
06-18-2026,24300.27380952381,2024 Kona Electric,23305,-1.76,-4.23,-6.66
06-20-2026,24288.0,2024 Kona Electric,23305,-1.76,-4.23,-6.66
06-22-2026,24298.7,2024 Kona Electric,23305,-1.76,-4.23,-6.66
06-24-2026,24330.69934640523,2024 Kona Electric,23305,-1.76,-4.23,-6.66
06-26-2026,24353.783911671926,2024 Kona Electric,23305,-1.76,-4.23,-6.66
06-28-2026,24358.837652439026,2024 Kona Electric,23305,-1.76,-4.23,-6.66
06-30-2026,24352.304012345678,2024 Kona Electric,23305,-1.76,-4.23,-6.66
07-02-2026,24346.131458966567,2024 Kona Electric,23305,-1.76,-4.23,-6.66
07-04-2026,24319.403963414636,2024 Kona Electric,23305,-1.76,-4.23,-6.66
07-06-2026,24285.82398753894,2024 Kona Electric,23305,-1.76,-4.23,-6.66
07-08-2026,24266.005303030302,2024 Kona Electric,23305,-1.76,-4.23,-6.66
07-10-2026,24257.199115044248,2024 Kona Electric,23305,-1.76,-4.23,-6.66
07-12-2026,24252.195427728613,2024 Kona Electric,23305,-1.76,-4.23,-6.66
07-14-2026,24253.42889908257,2024 Kona Electric,23305,-1.76,-4.23,-6.66
07-16-2026,24246.59133126935,2024 Kona Electric,23305,-1.76,-4.23,-6.66
07-18-2026,24244.282874617737,2024 Kona Electric,23305,-1.76,-4.23,-6.66
07-20-2026,24233.509615384617,2024 Kona Electric,23305,-1.76,-4.23,-6.66
07-22-2026,24214.925986842107,2024 Kona Electric,23305,-1.76,-4.23,-6.66
07-24-2026,24197.602459016394,2024 Kona Electric,23305,-1.76,-4.23,-6.66
07-26-2026,24172.875415282393,2024 Kona Electric,23305,-1.76,-4.23,-6.66
07-28-2026,24142.171404682274,2024 Kona Electric,23305,-1.76,-4.23,-6.66
07-30-2026,24116.81026058632,2024 Kona Electric,23305,-1.76,-4.23,-6.66
08-01-2026,24096.311475409835,2024 Kona Electric,23305,-1.76,-4.23,-6.66
08-03-2026,24087.41973244147,2024 Kona Electric,23305,-1.76,-4.23,-6.66
08-05-2026,24090.20618556701,2024 Kona Electric,23305,-1.76,-4.23,-6.66
08-07-2026,24082.996503496503,2024 Kona Electric,23305,-1.76,-4.23,-6.66
08-09-2026,24086.55909090909,2024 Kona Electric,23305,-1.76,-4.23,-6.66
08-11-2026,24092.579198473282,2024 Kona Electric,23305,-1.76,-4.23,-6.66
08-13-2026,24095.09716981132,2024 Kona Electric,23305,-1.76,-4.23,-6.66
08-15-2026,24092.41369047619,2024 Kona Electric,23305,-1.76,-4.23,-6.66
08-17-2026,24075.77510460251,2024 Kona Electric,23305,-1.76,-4.23,-6.66
08-19-2026,24048.167364016736,2024 Kona Electric,23305,-1.76,-4.23,-6.66
08-21-2026,24022.036885245903,2024 Kona Electric,23305,-1.76,-4.23,-6.66
08-23-2026,23982.068277310926,2024 Kona Electric,23305,-1.76,-4.23,-6.66
08-25-2026,23933.16845493562,2024 Kona Electric,23305,-1.76,-4.23,-6.66
08-27-2026,23875.181330472104,2024 Kona Electric,23305,-1.76,-4.23,-6.66
08-29-2026,23814.71113445378,2024 Kona Electric,23305,-1.76,-4.23,-6.66
08-31-2026,23752.979910714286,2024 Kona Electric,23305,-1.76,-4.23,-6.66
09-02-2026,23687.609004739337,2024 Kona Electric,23305,-1.76,-4.23,-6.66
09-04-2026,23624.384615384617,2024 Kona Electric,23305,-1.76,-4.23,-6.66
09-06-2026,23571.44849246231,2024 Kona Electric,23305,-1.76,-4.23,-6.66
09-08-2026,23525.21505376344,2024 Kona Electric,23305,-1.76,-4.23,-6.66
09-10-2026,23478.5,2024 Kona Electric,23305,-1.76,-4.23,-6.66
09-12-2026,23450.53813559322,2024 Kona Electric,23305,-1.76,-4.23,-6.66
09-14-2026,23426.626445086706,2024 Kona Electric,23305,-1.76,-4.23,-6.66
09-16-2026,23407.78143274854,2024 Kona Electric,23305,-1.76,-4.23,-6.66
09-18-2026,23394.21671597633,2024 Kona Electric,23305,-1.76,-4.23,-6.66
09-20-2026,23377.2,2024 Kona Electric,23305,-1.76,-4.23,-6.66
09-22-2026,23358.452844311378,2024 Kona Electric,23305,-1.76,-4.23,-6.66
09-24-2026,23346.36216216216,2024 Kona Electric,23305,-1.76,-4.23,-6.66
09-26-2026,23334.90025906736,2024 Kona Electric,23305,-1.76,-4.23,-6.66
09-28-2026,23328.801587301587,2024 Kona Electric,23305,-1.76,-4.23,-6.66
09-30-2026,23311.43181818182,2024 Kona Electric,23305,-1.76,-4.23,-6.66
05-05-2026,19862.718068535825,2023 Kona Electric,21292,5.18,0.96,-3.57
05-07-2026,19882.415824915824,2023 Kona Electric,21292,5.18,0.96,-3.57
05-09-2026,19894.70860927152,2023 Kona Electric,21292,5.18,0.96,-3.57
05-11-2026,19922.445286195285,2023 Kona Electric,21292,5.18,0.96,-3.57
05-13-2026,19948.675396825398,2023 Kona Electric,21292,5.18,0.96,-3.57
05-15-2026,19976.218344155845,2023 Kona Electric,21292,5.18,0.96,-3.57
05-17-2026,20005.257475083057,2023 Kona Electric,21292,5.18,0.96,-3.57
05-19-2026,20035.529209621993,2023 Kona Electric,21292,5.18,0.96,-3.57
05-21-2026,20068.71779661017,2023 Kona Electric,21292,5.18,0.96,-3.57
05-23-2026,20105.37326388889,2023 Kona Electric,21292,5.18,0.96,-3.57
05-25-2026,20148.116477272728,2023 Kona Electric,21292,5.18,0.96,-3.57
05-27-2026,20209.582653061225,2023 Kona Electric,21292,5.18,0.96,-3.57
05-29-2026,20294.050411522632,2023 Kona Electric,21292,5.18,0.96,-3.57
05-31-2026,20384.514522821577,2023 Kona Electric,21292,5.18,0.96,-3.57
06-02-2026,20472.20108695652,2023 Kona Electric,21292,5.18,0.96,-3.57
06-04-2026,20551.869565217392,2023 Kona Electric,21292,5.18,0.96,-3.57
06-06-2026,20622.628600823045,2023 Kona Electric,21292,5.18,0.96,-3.57
06-08-2026,20690.67703862661,2023 Kona Electric,21292,5.18,0.96,-3.57
06-10-2026,20746.297872340427,2023 Kona Electric,21292,5.18,0.96,-3.57
06-12-2026,20783.40879828326,2023 Kona Electric,21292,5.18,0.96,-3.57
06-14-2026,20801.823913043478,2023 Kona Electric,21292,5.18,0.96,-3.57
06-16-2026,20833.650900900902,2023 Kona Electric,21292,5.18,0.96,-3.57
06-18-2026,20856.29456521739,2023 Kona Electric,21292,5.18,0.96,-3.57
06-20-2026,20892.59680851064,2023 Kona Electric,21292,5.18,0.96,-3.57
06-22-2026,20939.89847161572,2023 Kona Electric,21292,5.18,0.96,-3.57
06-24-2026,20995.121794871793,2023 Kona Electric,21292,5.18,0.96,-3.57
06-26-2026,21045.285282258064,2023 Kona Electric,21292,5.18,0.96,-3.57
06-28-2026,21077.548155737706,2023 Kona Electric,21292,5.18,0.96,-3.57
06-30-2026,21076.72077922078,2023 Kona Electric,21292,5.18,0.96,-3.57
07-02-2026,21086.493212669684,2023 Kona Electric,21292,5.18,0.96,-3.57
07-04-2026,21094.464611872147,2023 Kona Electric,21292,5.18,0.96,-3.57
07-06-2026,21105.734883720932,2023 Kona Electric,21292,5.18,0.96,-3.57
07-08-2026,21110.360714285714,2023 Kona Electric,21292,5.18,0.96,-3.57
07-10-2026,21112.524764150945,2023 Kona Electric,21292,5.18,0.96,-3.57
07-12-2026,21132.39858490566,2023 Kona Electric,21292,5.18,0.96,-3.57
07-14-2026,21143.739130434784,2023 Kona Electric,21292,5.18,0.96,-3.57
07-16-2026,21134.34490740741,2023 Kona Electric,21292,5.18,0.96,-3.57
07-18-2026,21121.927272727273,2023 Kona Electric,21292,5.18,0.96,-3.57
07-20-2026,21088.41589861751,2023 Kona Electric,21292,5.18,0.96,-3.57
07-22-2026,21026.903587443947,2023 Kona Electric,21292,5.18,0.96,-3.57
07-24-2026,20968.049145299145,2023 Kona Electric,21292,5.18,0.96,-3.57
07-26-2026,20902.201965065502,2023 Kona Electric,21292,5.18,0.96,-3.57
07-28-2026,20849.88133640553,2023 Kona Electric,21292,5.18,0.96,-3.57
07-30-2026,20810.9966367713,2023 Kona Electric,21292,5.18,0.96,-3.57
08-01-2026,20752.06623931624,2023 Kona Electric,21292,5.18,0.96,-3.57
08-03-2026,20684.43,2023 Kona Electric,21292,5.18,0.96,-3.57
08-05-2026,20617.677752293577,2023 Kona Electric,21292,5.18,0.96,-3.57
08-07-2026,20534.85452586207,2023 Kona Electric,21292,5.18,0.96,-3.57
08-09-2026,20478.70147679325,2023 Kona Electric,21292,5.18,0.96,-3.57
08-11-2026,20436.6953125,2023 Kona Electric,21292,5.18,0.96,-3.57
08-13-2026,20386.2,2023 Kona Electric,21292,5.18,0.96,-3.57
08-15-2026,20341.655373831774,2023 Kona Electric,21292,5.18,0.96,-3.57
08-17-2026,20304.128125,2023 Kona Electric,21292,5.18,0.96,-3.57
08-19-2026,20277.815789473683,2023 Kona Electric,21292,5.18,0.96,-3.57
08-21-2026,20263.014218009477,2023 Kona Electric,21292,5.18,0.96,-3.57
08-23-2026,20240.977216748768,2023 Kona Electric,21292,5.18,0.96,-3.57
08-25-2026,20219.826171875,2023 Kona Electric,21292,5.18,0.96,-3.57
08-27-2026,20209.75,2023 Kona Electric,21292,5.18,0.96,-3.57
08-29-2026,20215.18137254902,2023 Kona Electric,21292,5.18,0.96,-3.57
08-31-2026,20232.221590909092,2023 Kona Electric,21292,5.18,0.96,-3.57
09-02-2026,20262.283088235294,2023 Kona Electric,21292,5.18,0.96,-3.57
09-04-2026,20314.471875,2023 Kona Electric,21292,5.18,0.96,-3.57
09-06-2026,20376.90671641791,2023 Kona Electric,21292,5.18,0.96,-3.57
09-08-2026,20446.26990049751,2023 Kona Electric,21292,5.18,0.96,-3.57
09-10-2026,20529.56455399061,2023 Kona Electric,21292,5.18,0.96,-3.57
09-12-2026,20650.269911504423,2023 Kona Electric,21292,5.18,0.96,-3.57
09-14-2026,20778.37159090909,2023 Kona Electric,21292,5.18,0.96,-3.57
09-16-2026,20888.16162790698,2023 Kona Electric,21292,5.18,0.96,-3.57
09-18-2026,20987.01851851852,2023 Kona Electric,21292,5.18,0.96,-3.57
09-20-2026,21093.579908675798,2023 Kona Electric,21292,5.18,0.96,-3.57
09-22-2026,21170.521226415094,2023 Kona Electric,21292,5.18,0.96,-3.57
09-24-2026,21229.375,2023 Kona Electric,21292,5.18,0.96,-3.57
09-26-2026,21252.533936651584,2023 Kona Electric,21292,5.18,0.96,-3.57
09-28-2026,21256.15,2023 Kona Electric,21292,5.18,0.96,-3.57
09-30-2026,21279.785555555554,2023 Kona Electric,21292,5.18,0.96,-3.57
07-24-2026,17923.1,2021 Kona Electric,16777,0.0,0.0,-2.14
07-26-2026,17802.8095,2021 Kona Electric,16777,0.0,0.0,-2.14
07-28-2026,17755.626122754493,2021 Kona Electric,16777,0.0,0.0,-2.14
07-30-2026,17680.566265060243,2021 Kona Electric,16777,0.0,0.0,-2.14
08-01-2026,17680.566265060243,2021 Kona Electric,16777,0.0,0.0,-2.14
08-03-2026,17680.566265060243,2021 Kona Electric,16777,0.0,0.0,-2.14
08-05-2026,17680.566265060243,2021 Kona Electric,16777,0.0,0.0,-2.14
08-07-2026,17634.148325358852,2021 Kona Electric,16777,0.0,0.0,-2.14
08-09-2026,17557.337197580644,2021 Kona Electric,16777,0.0,0.0,-2.14
08-11-2026,17527.700457317074,2021 Kona Electric,16777,0.0,0.0,-2.14
09-12-2026,17453.2,2021 Kona Electric,16777,0.0,0.0,-2.14
09-14-2026,17453.2,2021 Kona Electric,16777,0.0,0.0,-2.14
09-16-2026,17367.704637096773,2021 Kona Electric,16777,0.0,0.0,-2.14
09-18-2026,17269.512439320388,2021 Kona Electric,16777,0.0,0.0,-2.14
09-20-2026,17160.82252559727,2021 Kona Electric,16777,0.0,0.0,-2.14
09-22-2026,17082.400164473685,2021 Kona Electric,16777,0.0,0.0,-2.14
09-24-2026,17029.708466029722,2021 Kona Electric,16777,0.0,0.0,-2.14
09-26-2026,16957.388409961684,2021 Kona Electric,16777,0.0,0.0,-2.14
09-28-2026,16931.86820211039,2021 Kona Electric,16777,0.0,0.0,-2.14
09-30-2026,16854.544671156895,2021 Kona Electric,16777,0.0,0.0,-2.14
© 2026 CarGurus, Inc., All Rights Reserved.